<?xml version="1.0" encoding="utf-8"?>
<Configuration xmlns:xsd="http://www.w3.org/2001/XMLSchema" xmlns:xsi="http://www.w3.org/2001/XMLSchema-instance">
	<RootRegistryPath>SOFTWARE\Vijay\DemoPro\Log</RootRegistryPath>
	<LogFolderPath>C:\Tensor\Log1</LogFolderPath>
	<DefaultBackupFolder>C:\Tensor\Backup</DefaultBackupFolder>
	<Groups>
		<Group Name="Session Summary" IsReadOnly="true">
			<RegistryValues>
				<Registry Name="TS3D"/>
				<Registry Name="KTAutomationLayer"/>
				<Registry Name="Errmgr"/>
				<Registry Name="Database"/>
				<Registry Name="Browser"/>
				<Registry Name="CarrierID"/>
				<Registry Name="DBConfig"/>
				<Registry Name="Browser"/>
			</RegistryValues>
		</Group>
		<Group Name="Handles" IsReadOnly="true">
			<RegistryValues>
				<Registry Name="Errmgr"/>
				<Registry Name="TDbUtils"/>
			</RegistryValues>
		</Group>
		<Group Name="Factory Automation" IsReadOnly="false">
			<RegistryValues>
				<Registry Name="Errmgr"/>
			</RegistryValues>
		</Group>
		<Group Name="Wafer Location" IsReadOnly="false">
			<RegistryValues>
				<Registry Name="HierQuery"/>
			</RegistryValues>
		</Group>
		<Group Name="Scan Data" IsReadOnly="false">
			<RegistryValues>
				<Registry Name="WaferID"/>
			</RegistryValues>
		</Group>
		<Group Name="Diagnostic" IsReadOnly="false">
			<RegistryValues>
				<Registry Name="DBConfig"/>
				<Registry Name="Browser"/>
				<Registry Name="ConfigInfo"/>
			</RegistryValues>
		</Group>
		<Group Name="Custom" IsReadOnly="false">
			<RegistryValues>
				<Registry Name="TUtils"/>
				<Registry Name="E87ServiceTrace"/>
				<Registry Name="Browser"/>
				<Registry Name="GemSecs"/>
			</RegistryValues>
		</Group>
		<Group Name="Test" IsReadOnly="false">
			<RegistryValues>
				<Registry Name="Browser"/>
				<Registry Name="CKTSubst"/>
			</RegistryValues>
		</Group>
	</Groups>
</Configuration>